Hub Article,Article Type,Spoke Article Title,Target Keywords,Search Volume Est.,Difficulty,Target Audience,Internal Links To,Suggested External Source Links,Content Notes
The Complete Guide to Bhutan Wine: The World's Newest Wine Region,Hub,,Bhutan wine; Bhutan Wine Company; wine from Bhutan; Bhutan winery,Medium,Low,Wine Professionals & Sommeliers,All spokes in this cluster; Luxury Travel Hub; Sustainability Hub,https://www.jancisrobinson.com/articles/bhutan-now-wine-producer; https://www.wineenthusiast.com/culture/industry-news/bhutan-first-wine/; https://www.decanter.com/premium/enter-the-dragon-bhutans-leap-into-the-wine-world-541654/; https://en.wikipedia.org/wiki/Bhutanese_wine; https://worldoffinewine.com/news-features/bhutan-wine-company,"Definitive 3000+ word pillar page. Must be THE resource anyone finds when searching Bhutan wine. Include history, terroir overview, grape varieties, winemaker profiles, tasting notes, visiting info. Add FAQ schema."
The Complete Guide to Bhutan Wine: The World's Newest Wine Region,Spoke,Himalayan Terroir: What Makes Bhutan's Soil and Climate Unique for Wine,Bhutan terroir; Himalayan terroir; Bhutan soil wine; Bhutan climate viticulture,Low,Low,Wine Professionals & Sommeliers,Bhutan Wine Hub; High Altitude Viticulture Hub,https://worldoffinewine.com/news-features/bhutan-wine-company; https://www.wine-conversation.com/conversations/lets-talk-about-bhutan-wines; https://www.thedrinksbusiness.com/2024/10/will-bhutan-be-the-worlds-next-great-wine-region/,"Deep dive on the three climatic zones (Duars Plains, Lesser Himalayas, Great Himalayas). Include elevation data, soil composition, rainfall patterns. Use vineyard-specific data from your knowledge base."
The Complete Guide to Bhutan Wine: The World's Newest Wine Region,Spoke,The Grape Varieties of Bhutan: What Grows in the Himalayas,Bhutan grape varieties; Bhutan Pinot Noir; Bhutan Sauvignon Blanc; Bhutan Tempranillo; grapes Himalayas,Low,Low,Wine Professionals & Sommeliers,Bhutan Wine Hub; Terroir Spoke; High Altitude Hub,https://www.jancisrobinson.com/articles/bhutan-now-wine-producer; https://www.wine-conversation.com/conversations/lets-talk-about-bhutan-wines; https://www.wineenthusiast.com/culture/industry-news/bhutan-first-wine/,"Cover each variety planted — Merlot, Cab Sauv, Cab Franc, Syrah, Pinot Noir, Chardonnay, Sauv Blanc, Malbec, Petit Manseng, Traminette, Riesling. Note which elevations suit which grapes. Chardonnay failure story is compelling."
The Complete Guide to Bhutan Wine: The World's Newest Wine Region,Spoke,Ser Kem: The $18750 Bottle That Put Bhutan Wine on the Map,Ser Kem wine; Bhutan wine auction; Bonhams Bhutan wine; most expensive Asian wine,Low,Low,Wine Professionals & HNW Collectors,Bhutan Wine Hub; Wine Tourism Spoke,https://www.wineenthusiast.com/culture/industry-news/bhutan-first-wine/; https://en.wikipedia.org/wiki/Bhutanese_wine; https://www.bonhams.com,"Story-driven piece about the Bonhams auction, the 7.57L Himalayan bottle honoring Gangkhar Puensum, connection to the king. This is your most shareable/viral piece."
The Complete Guide to Bhutan Wine: The World's Newest Wine Region,Spoke,Winemaking in a Buddhist Kingdom: Ahimsa and the Vineyard,winemaking Buddhist country; Bhutan agriculture; ahimsa winemaking; wildlife vineyard Bhutan,Low,Low,Cultural Enthusiasts & Wine Pros,Bhutan Wine Hub; Sustainability Hub,https://worldoffinewine.com/news-features/bhutan-wine-company; https://www.thedrinksbusiness.com/2024/10/will-bhutan-be-the-worlds-next-great-wine-region/; https://www.jancisrobinson.com/articles/bhutan-now-wine-producer,"Unique angle — monkeys, cobras, elephants, tigers in the vineyard. Buddhist 'do no harm' philosophy vs. pest management. Electric fences, anti-venom protocols. No other winery has this story."
The Complete Guide to Bhutan Wine: The World's Newest Wine Region,Spoke,How to Visit Bhutan's Vineyards: A Complete Wine Tourism Guide,Bhutan vineyard tour; Bhutan wine tasting experience; visit Bhutan winery; Thimphu wine bar,Low,Low,HNW Travelers & Wine Tourists,Bhutan Wine Hub; Luxury Travel Hub; Wine Tourism Hub,https://www.bhutanwine.com; https://www.clubdvin.com/bhutan2024; https://www.drukasia.com/bhutan-tours/luxury/; https://www.mybhutan.com/,"Practical guide — when to visit, what the experience includes, the Thimphu wine bar, harvest tour options, pricing. Include booking CTAs. This is your highest-conversion spoke."
The Complete Guide to Bhutan Wine: The World's Newest Wine Region,Spoke,Tasting Notes: The 2024 Vintage from Bhutan Wine Company,Bhutan wine tasting notes; 2024 Bhutan vintage; Bhutan Riesling; Bhutan rosé,Low,Low,Wine Professionals & Collectors,Bhutan Wine Hub; Grape Varieties Spoke,https://www.jancisrobinson.com/articles/bhutan-now-wine-producer; https://www.wineenthusiast.com/culture/industry-news/bhutan-first-wine/; https://www.vivino.com; https://www.cellartracker.com,"Professional tasting notes for each wine — Sauvignon Blanc, Traminette, Riesling, Rosé, Pinot Noir, Tempranillo, two reserves. Include winemaker Matt Brain's commentary. Add Product schema markup."
Emerging Wine Regions: Where the Most Exciting Wine Is Being Made Right Now,Hub,,emerging wine regions; new wine countries; wine regions to watch 2026; best new wineries world,High,Medium,Wine Professionals & Collectors,All spokes in this cluster; Bhutan Wine Hub; Sustainability Hub,https://sommelierschoiceawards.com/en/blog/insights-1/the-unveiling-emerging-wine-regions-poised-to-redefine-consumers-palates-792.htm; https://daily.sevenfifty.com/5-wine-industry-trends-to-watch-in-2025/; https://sommelierschoiceawards.com/en/blog/insights-1/unveiling-asias-vinous-revolution-and-more-10-emerging-wine-regions-with-a-glimpse-of-history-826.htm; https://www.vinovest.co/blog/emerging-wine-regions,"Position Bhutan alongside other emerging regions (Ningxia, Nashik, Uruguay, England, Armenia). Bhutan should be presented as the most extreme/pioneering example. 2500+ word pillar."
Emerging Wine Regions: Where the Most Exciting Wine Is Being Made Right Now,Spoke,Best Wineries in Asia: A Sommelier's Guide to the Continent's Top Producers,best wineries in Asia; Asian wine regions; top Asian wineries; wine in Asia,Medium,Medium,Wine Professionals & Sommeliers,Emerging Regions Hub; Bhutan Wine Hub,https://sommelierschoiceawards.com/en/blog/insights-1/unveiling-asias-vinous-revolution-and-more-10-emerging-wine-regions-with-a-glimpse-of-history-826.htm; https://www.mordorintelligence.com/industry-reports/asia-pacific-wine-market; https://wine-magazine.com/en/articles/wine-insights-2025-trends,"Cover Ningxia (China), Nashik (India), Yamanashi (Japan), Khao Yai (Thailand), and Bhutan. This is how you rank for 'best winery in Asia' — by owning the category page that includes you."
Emerging Wine Regions: Where the Most Exciting Wine Is Being Made Right Now,Spoke,Climate Change and the New Wine Map: How Rising Temperatures Are Creating New Regions,climate change new wine regions; climate resilient viticulture; future of wine regions; global warming wine,Medium,Medium,Wine Pros & Sustainability-Minded,Emerging Regions Hub; Sustainability Hub; High Altitude Hub,https://sommelierschoiceawards.com/en/blog/insights-1/emerging-wine-regions-around-the-world-due-to-climate-change-599.htm; https://daily.sevenfifty.com/5-wine-industry-trends-to-watch-in-2025/; https://www.vinetur.com/en/2025112493634/global-wine-industry-faces-turning-point-as-consumption-falls-and-premium-demand-rises.html,"Link Bhutan's high-altitude advantage to the broader climate story. As traditional regions get too hot, elevation becomes the new terroir advantage. Position Bhutan as future-proof."
Emerging Wine Regions: Where the Most Exciting Wine Is Being Made Right Now,Spoke,Wine Investment in Emerging Regions: Where Collectors Are Putting Their Money,wine investment emerging regions; investing in new wine regions; collectible wines Asia; rare wine investment,Medium,Medium,HNW Collectors & Investors,Emerging Regions Hub; Ser Kem Spoke; Best Wineries Asia Spoke,https://www.vinovest.co/blog/emerging-wine-regions; https://www.wineenthusiast.com/culture/industry-news/bhutan-first-wine/; https://www.liv-ex.com,"The Ser Kem $18,750 auction anchors this piece. Frame Bhutan wine as the ultimate first-mover collectible. Reference historical parallels — early Napa, early Ningxia."
Emerging Wine Regions: Where the Most Exciting Wine Is Being Made Right Now,Spoke,The Most Innovative Winemakers Pushing Boundaries Right Now,pioneering winemakers; most innovative wineries world; frontier winemaking; experimental winemaking,Medium,Medium,Wine Media & Professionals,Emerging Regions Hub; Bhutan Wine Hub; Buddhist Winemaking Spoke,https://daily.sevenfifty.com/5-wine-industry-trends-to-watch-in-2025/; https://www.vinetur.com/en/2025112493634/global-wine-industry-faces-turning-point-as-consumption-falls-and-premium-demand-rises.html; https://www.thedrinksbusiness.com/2024/10/will-bhutan-be-the-worlds-next-great-wine-region/,Profile piece format. Feature your winemaker alongside other innovators globally. Position BWC founders' marathon-to-winery origin story.
High-Altitude Viticulture: The Science of Growing Grapes Above the Clouds,Hub,,high altitude viticulture; high elevation wine; altitude effect on grapes; mountain winemaking,Medium,Low,Wine Professionals & Educators,All spokes in this cluster; Bhutan Wine Hub; Emerging Regions Hub,https://worldoffinewine.com/news-features/bhutan-wine-company; https://www.jancisrobinson.com/articles/bhutan-now-wine-producer; https://www.wine-conversation.com/conversations/lets-talk-about-bhutan-wines,"Technical authority content. Cover the science — UV exposure, diurnal temperature variation, thin atmosphere effects on phenolics. Reference Salta (Argentina), Alto Adige (Italy), Uco Valley. Position Bhutan as the extreme frontier."
High-Altitude Viticulture: The Science of Growing Grapes Above the Clouds,Spoke,UV Exposure and Wine: How Sunlight at Altitude Changes Grape Chemistry,UV exposure wine grapes; sunlight altitude grapes; phenolic concentration elevation; grape skin thickness altitude,Low,Low,Wine Educators & MW Students,High Altitude Hub; Terroir Spoke; Grape Varieties Spoke,https://worldoffinewine.com/news-features/bhutan-wine-company; https://www.winescholarguild.com/blog/regional-spotlight/wine-as-worlding-bhutans-path-into-fine-wine,"Scientific deep dive. How UV at 2000m+ affects anthocyanin production, skin thickness, tannin structure. Include data from your vineyards if available. MW/WSET students will cite this."
High-Altitude Viticulture: The Science of Growing Grapes Above the Clouds,Spoke,The World's Highest Vineyards: A Comparison from the Andes to the Himalayas,highest vineyards world; wine grapes above 2000 meters; extreme altitude vineyards; Bhutan vs Salta wine,Low,Low,Wine Professionals & Enthusiasts,High Altitude Hub; Emerging Regions Hub; Bhutan Wine Hub,https://www.vinovest.co/blog/emerging-wine-regions; https://worldoffinewine.com/news-features/bhutan-wine-company; https://www.thedrinksbusiness.com/2024/10/will-bhutan-be-the-worlds-next-great-wine-region/,"Comparative piece: Bodega Colomé (3111m, Argentina), Bhutan vineyards (up to 2700m), Alto Adige (1000m+). Table format comparing elevation, varieties, challenges. Visual content opportunity."
High-Altitude Viticulture: The Science of Growing Grapes Above the Clouds,Spoke,Mountain Vineyard Challenges: Elephants Tigers and Cobras in the Vines,mountain vineyard challenges; wildlife vineyard problems; viticulture Himalayas challenges; extreme winemaking conditions,Low,Low,General Wine Enthusiasts & Media,High Altitude Hub; Buddhist Winemaking Spoke; Bhutan Wine Hub,https://worldoffinewine.com/news-features/bhutan-wine-company; https://www.jancisrobinson.com/articles/bhutan-now-wine-producer; https://www.wine-conversation.com/conversations/lets-talk-about-bhutan-wines,"Your most entertaining piece. Anti-venom protocols, military-escorted vine shipments during COVID, cobras in the rows. This content gets shared. Great PR/journalist pickup potential."
The Art of Sustainable Winemaking: How Bhutan Is Rewriting the Rules,Hub,,sustainable winemaking; carbon negative winery; eco-friendly wineries; sustainable wine brands,High,Medium,HNW Wine Aficionados & Sustainability-Minded,All spokes in this cluster; Bhutan Wine Hub; Luxury Travel Hub,https://www.vinetur.com/en/2025112493634/global-wine-industry-faces-turning-point-as-consumption-falls-and-premium-demand-rises.html; https://blog.agentbazar.in/bhutan-luxury-tourism-redefining-travel; https://worldoffinewine.com/news-features/bhutan-wine-company; https://www.travelandtourworld.com/news/article/global-wine-tourism-market-set-to-skyrocket-to-four-hundred-billion-dollars-by-2035-fueled-by-sustainable-and-experiential-travel-growth/,Your #1 differentiator as a hub. No other winery operates in a carbon-negative country. Thread GNH philosophy throughout. 2500+ words with original data on your sustainability practices.
The Art of Sustainable Winemaking: How Bhutan Is Rewriting the Rules,Spoke,What Does Carbon-Negative Winemaking Actually Look Like?,carbon negative winery; carbon negative wine; zero emission winemaking; wine carbon footprint,Low,Low,Sustainability-Focused & ESG Investors,Sustainability Hub; Bhutan Wine Hub,https://blog.agentbazar.in/bhutan-luxury-tourism-redefining-travel; https://www.vinetur.com/en/2025112493634/global-wine-industry-faces-turning-point-as-consumption-falls-and-premium-demand-rises.html,Explain what carbon-negative means at a country level and how it flows to your operations. Compare to typical winery carbon footprints. Include real numbers if possible.
The Art of Sustainable Winemaking: How Bhutan Is Rewriting the Rules,Spoke,Gross National Happiness and Wine: How Bhutan's Philosophy Shapes Our Winemaking,Gross National Happiness wine; Bhutan happiness winemaking; ethical wine production; purpose-driven winery,Low,Low,Cultural Enthusiasts & Purpose-Driven Consumers,Sustainability Hub; Buddhist Winemaking Spoke; Bhutan Wine Hub,https://worldoffinewine.com/news-features/bhutan-wine-company; https://www.thedrinksbusiness.com/2024/10/will-bhutan-be-the-worlds-next-great-wine-region/; https://travelcurator.com/destinations/bhutan-the-epitome-of-transformational-travel/,"Unique angle nobody else can write. How GNH principles (sustainable development, cultural preservation, environmental conservation) directly influence vineyard decisions. Not greenwashing — real philosophy."
The Art of Sustainable Winemaking: How Bhutan Is Rewriting the Rules,Spoke,Regenerative Viticulture: Beyond Organic Toward Restoring the Land,regenerative viticulture; beyond organic wine; biodynamic winemaking Himalayas; soil health wine,Medium,Medium,Wine Professionals & Sustainability,Sustainability Hub; High Altitude Hub; Climate Change Spoke,https://www.vinetur.com/en/2025112493634/global-wine-industry-faces-turning-point-as-consumption-falls-and-premium-demand-rises.html; https://daily.sevenfifty.com/5-wine-industry-trends-to-watch-in-2025/,Broader industry trend piece that positions your practices in context. Regenerative viticulture is the hottest topic in wine sustainability right now. Link to your specific practices.
The Art of Sustainable Winemaking: How Bhutan Is Rewriting the Rules,Spoke,Sustainable Wine Brands Worth Supporting: A Curated List,sustainable wine brands; organic wine brands; eco wine list; best sustainable wineries,Medium,Medium,Conscious Consumers & Collectors,Sustainability Hub; Emerging Regions Hub,https://daily.sevenfifty.com/5-wine-industry-trends-to-watch-in-2025/; https://www.vinetur.com/en/2025112493634/global-wine-industry-faces-turning-point-as-consumption-falls-and-premium-demand-rises.html; https://sommelierschoiceawards.com,Listicle format — include yourself among 10-15 sustainable wineries globally. This targets a medium-volume keyword and positions you alongside established brands. Honest and generous to others.
The Ultimate Guide to Luxury Travel in Bhutan,Hub,,luxury Bhutan tour; Bhutan luxury travel guide; luxury travel Bhutan; Bhutan 5 star hotels,High,Medium,HNW Travelers,All spokes in this cluster; Bhutan Wine Hub; Visit Vineyards Spoke,https://www.tourradar.com/l/d-luxury-bhutan; https://www.mybhutan.com/; https://www.blacktomato.com/destinations/bhutan/; https://www.drukasia.com/bhutan-tours/luxury/; https://travelcurator.com/destinations/bhutan-the-epitome-of-transformational-travel/; https://highnetworthmag.com/luxury-travel-destinations-that-surprised-us/,"Intercept HNW travelers in planning phase. Comprehensive guide that naturally weaves in the winery experience. Cover hotels (Six Senses, Aman, COMO), experiences, logistics, costs. 3000+ words."
The Ultimate Guide to Luxury Travel in Bhutan,Spoke,Best Time to Visit Bhutan: Season-by-Season Guide,best time to visit Bhutan; Bhutan weather by month; Bhutan travel seasons; when to go Bhutan,High,High,All Bhutan Travelers,Luxury Travel Hub; Visit Vineyards Spoke,https://www.tourradar.com/l/d-luxury-bhutan; https://www.drukasia.com/bhutan-tours/luxury/; https://www.bhutanhappiness.com/blog/bhutan-luxury-tour-package-worth-the-price/,"High volume keyword. Weave in wine harvest timing (June in east, later in west) as a reason to visit. Practical, scannable, FAQ-schema heavy."
The Ultimate Guide to Luxury Travel in Bhutan,Spoke,Where to Stay in Bhutan: Six Senses vs Aman vs COMO Reviewed,Six Senses Bhutan review; Aman Bhutan review; COMO Bhutan hotel; best luxury hotels Bhutan,Medium,Medium,HNW Travelers,Luxury Travel Hub; Unique Experiences Spoke,https://www.tourradar.com/l/d-luxury-bhutan; https://www.mybhutan.com/; https://travelcurator.com/destinations/bhutan-the-epitome-of-transformational-travel/; https://www.tripadvisor.com/ShowTopic-g293844-i10038-k12439613-Top_9_5_Star_Luxury_Hotels_in_Bhutan-Bhutan.html,Comparison piece. Mention that a winery visit can be added to any luxury itinerary. Affiliate opportunity with tour operators.
The Ultimate Guide to Luxury Travel in Bhutan,Spoke,Unique Experiences in Bhutan That Money Can't Buy Anywhere Else,unique experiences Bhutan; once in a lifetime Bhutan; exclusive Bhutan activities; Bhutan bucket list,Medium,Low,HNW Experience Seekers,Luxury Travel Hub; Visit Vineyards Spoke; GNH Spoke,https://highnetworthmag.com/luxury-travel-destinations-that-surprised-us/; https://www.blacktomato.com/destinations/bhutan/; https://travelcurator.com/destinations/bhutan-the-epitome-of-transformational-travel/; https://www.mybhutan.com/,"Position wine tasting at Asia's newest winery alongside Tiger's Nest hike, private monastery blessings, archery with champions. Emphasize that Bhutan limits visitors — exclusivity is built in."
The Ultimate Guide to Luxury Travel in Bhutan,Spoke,How Much Does a Luxury Trip to Bhutan Actually Cost?,Bhutan trip cost; Bhutan daily fee; how much Bhutan luxury tour; Bhutan SDF fee explained,Medium,Medium,HNW Trip Planners,Luxury Travel Hub; Best Time Spoke,https://www.bhutanhappiness.com/blog/bhutan-luxury-tour-package-worth-the-price/; https://www.drukasia.com/bhutan-tours/luxury/; https://www.tourradar.com/l/d-luxury-bhutan; https://blog.agentbazar.in/bhutan-luxury-tourism-redefining-travel,"Practical piece with real numbers. $6K-$15K range for 7-day luxury trips. Explain SDF, what's included. Add wine experiences as premium add-ons. High conversion intent keyword."
The Ultimate Guide to Luxury Travel in Bhutan,Spoke,Bhutan vs Nepal vs Tibet: Which Himalayan Destination Is Right for You?,Bhutan vs Nepal; Bhutan vs Tibet travel; best Himalayan destination; Himalayan luxury retreat,Medium,Low,HNW Trip Decision-Makers,Luxury Travel Hub; Exclusive Destination Hub,https://www.blacktomato.com/destinations/bhutan/; https://travelcurator.com/destinations/bhutan-the-epitome-of-transformational-travel/; https://amadeus.com/en/resources/research/travel-trends-2025/asia-uplift,"Comparison format. Bhutan wins on luxury, exclusivity, sustainability. Wine is a unique differentiator no other Himalayan destination offers."
The Story of Wine in Bhutan: From the Himalayas to the World,Hub,,history of wine in Bhutan; first winery in Bhutan; Bhutan wine history; origin Bhutan Wine Company,Low,Low,Wine Media & Brand Authority,All spokes in this cluster; Bhutan Wine Hub; Sustainability Hub,https://www.wineenthusiast.com/culture/industry-news/bhutan-first-wine/; https://www.decanter.com/premium/enter-the-dragon-bhutans-leap-into-the-wine-world-541654/; https://worldoffinewine.com/news-features/bhutan-wine-company; https://www.wine-conversation.com/conversations/lets-talk-about-bhutan-wines; https://www.thedrinksbusiness.com/2024/10/will-bhutan-be-the-worlds-next-great-wine-region/,"Your origin story — the narrative that journalists and AI systems will reference. Marathon to winery pipeline, the white paper, convincing the king, first vines in 2019, COVID challenges. This is your brand's canonical narrative."
The Story of Wine in Bhutan: From the Himalayas to the World,Spoke,How a Marathon in the Himalayas Led to Bhutan's First Winery,Bhutan winery origin story; marathon Bhutan wine; Michael Juergens Bhutan; Ann Cross Bhutan,Low,Low,Wine Media & General Audience,Origin Story Hub; Bhutan Wine Hub,https://www.wineenthusiast.com/culture/industry-news/bhutan-first-wine/; https://www.thedrinksbusiness.com/2024/10/will-bhutan-be-the-worlds-next-great-wine-region/; https://www.wine-conversation.com/conversations/lets-talk-about-bhutan-wines,"Personal narrative. The founders' story is genuinely remarkable — Deloitte partner + Mattel exec run a marathon, pitch the king, plant vines. This is your most human piece."
The Story of Wine in Bhutan: From the Himalayas to the World,Spoke,Planting Vines During a Pandemic: How COVID Almost Killed Bhutan's Wine Dream,Bhutan winery COVID; pandemic winemaking challenges; starting winery during COVID,Low,Low,General & Wine Media,Origin Story Hub; Challenges Spoke,https://www.jancisrobinson.com/articles/bhutan-now-wine-producer; https://worldoffinewine.com/news-features/bhutan-wine-company,"Military-escorted Loire Valley shipments, border closures, WhatsApp/Zoom vineyard management, chili shortage. Dramatic and compelling content that humanizes the brand."
The Story of Wine in Bhutan: From the Himalayas to the World,Spoke,Meet the Winemaker: Matt Brain on Making Wine at the Edge of the World,Bhutan winemaker; Matt Brain winemaker; winemaking Bhutan challenges,Low,Low,Wine Professionals,Origin Story Hub; Grape Varieties Spoke; Tasting Notes Spoke,https://www.jancisrobinson.com/articles/bhutan-now-wine-producer; https://worldoffinewine.com/news-features/bhutan-wine-company,"Profile piece. Brain's background (Napa, Cal Poly), his first impressions of the converted shopping mall winery, 'hot water would be nice' moment. Builds E-E-A-T through real expertise."
The Story of Wine in Bhutan: From the Himalayas to the World,Spoke,Jancis Robinson on Bhutan: What the World's Most Influential Wine Critic Found,Jancis Robinson Bhutan; wine critic Bhutan review; Bhutan wine quality,Low,Low,Wine Professionals & Collectors,Origin Story Hub; Bhutan Wine Hub; Tasting Notes Spoke,https://www.jancisrobinson.com/articles/bhutan-now-wine-producer; https://www.wineenthusiast.com/culture/industry-news/bhutan-first-wine/,Massive credibility piece. Robinson joined the advisory board — her only one in 50 years. Quote her published impressions. This is your strongest E-E-A-T signal.
Wine Tourism Beyond Europe: Destinations Collectors Are Traveling To,Hub,,best wine travel destinations; wine tourism Asia; luxury wine tourism; unusual wine destinations,High,Medium,HNW Wine Collectors & Travelers,All spokes in this cluster; Luxury Travel Hub; Bhutan Wine Hub,https://www.travelandtourworld.com/news/article/global-wine-tourism-market-set-to-skyrocket-to-four-hundred-billion-dollars-by-2035-fueled-by-sustainable-and-experiential-travel-growth/; https://www.futuremarketinsights.com/reports/wine-tourism-market; https://wine-magazine.com/en/articles/wine-insights-2025-trends; https://amadeus.com/en/resources/research/travel-trends-2025/asia-uplift,"Position Bhutan alongside Stellenbosch, Mendoza, Barossa, Nashik. Wine tourism market hitting $358B by 2035. Frame as the guide for the well-traveled wine lover who's 'done' Napa and Bordeaux."
Wine Tourism Beyond Europe: Destinations Collectors Are Traveling To,Spoke,Wine Experiences Worth the Journey: A Bucket List for Serious Collectors,wine experiences bucket list; wine travel bucket list; best winery visits world; wine collector travel,Medium,Medium,HNW Collectors,Wine Tourism Hub; Unique Experiences Spoke; Bhutan Wine Hub,https://www.travelandtourworld.com/news/article/global-wine-tourism-market-set-to-skyrocket-to-four-hundred-billion-dollars-by-2035-fueled-by-sustainable-and-experiential-travel-growth/; https://highnetworthmag.com/luxury-travel-destinations-that-surprised-us/,Listicle: 15-20 bucket list experiences. Bhutan harvest tour among them. Format designed for AI snippet extraction — each experience as a standalone citable paragraph.
Wine Tourism Beyond Europe: Destinations Collectors Are Traveling To,Spoke,The Rise of Asian Wine Tourism: From Yamanashi to the Himalayas,wine tourism Asia; Asian wine tourism; Yamanashi wine tourism; India wine tourism; Bhutan wine tourism,Medium,Low,Wine Tourists & Travel Planners,Wine Tourism Hub; Best Wineries Asia Spoke; Luxury Travel Hub,https://wine-magazine.com/en/articles/wine-insights-2025-trends; https://amadeus.com/en/resources/research/travel-trends-2025/asia-uplift; https://www.mordorintelligence.com/industry-reports/asia-pacific-wine-market,"Asia-Pacific wine tourism grew 18% in 2024. Cover Japan, India, Thailand, China, and Bhutan. Position Bhutan as the most exclusive and untouched option."
Bhutan: The World's Most Exclusive Travel Destination,Hub,,most exclusive travel destinations; exclusive luxury destinations; hardest places to visit; high value low impact tourism,High,High,HNW Travelers,All spokes in this cluster; Luxury Travel Hub; Sustainability Hub,https://highnetworthmag.com/luxury-travel-destinations-that-surprised-us/; https://travelcurator.com/destinations/bhutan-the-epitome-of-transformational-travel/; https://blog.agentbazar.in/bhutan-luxury-tourism-redefining-travel; https://www.blacktomato.com/destinations/bhutan/; https://amadeus.com/en/resources/research/travel-trends-2025/asia-uplift,Aspirational content. Less than 300K visitors annually. High-value low-impact model. Wine as the newest layer of exclusivity. Targets the 'I've been everywhere' HNW traveler.
Bhutan: The World's Most Exclusive Travel Destination,Spoke,Sustainable Tourism Done Right: What Bhutan Can Teach the World,Bhutan sustainable tourism; high value low impact tourism; carbon negative country travel; responsible luxury travel,Medium,Low,Sustainability-Focused HNW Travelers,Exclusive Destination Hub; Sustainability Hub; GNH Spoke,https://blog.agentbazar.in/bhutan-luxury-tourism-redefining-travel; https://travelcurator.com/destinations/bhutan-the-epitome-of-transformational-travel/; https://www.travelandtourworld.com/news/article/global-wine-tourism-market-set-to-skyrocket-to-four-hundred-billion-dollars-by-2035-fueled-by-sustainable-and-experiential-travel-growth/,Thought leadership piece. Bhutan's tourism model as a case study. Wine as sustainable economic development. Appeals to ESG-minded HNW individuals.
Bhutan: The World's Most Exclusive Travel Destination,Spoke,Bhutan for Couples: The Ultimate Romantic Luxury Escape,Bhutan for couples; romantic Bhutan trip; honeymoon Bhutan; couples luxury Himalayas,Medium,Low,HNW Couples & Honeymoons,Exclusive Destination Hub; Luxury Travel Hub; Where to Stay Spoke,https://www.blacktomato.com/destinations/bhutan/; https://www.mybhutan.com/; https://travelcurator.com/destinations/bhutan-the-epitome-of-transformational-travel/,Wine tasting at sunset in the Himalayas = ultimate romantic moment. Target the honeymoon and anniversary travel segments. High conversion intent.
Bhutan: The World's Most Exclusive Travel Destination,Spoke,Beyond Tiger's Nest: Hidden Bhutan Only Locals Know,hidden Bhutan experiences; off beaten path Bhutan; local Bhutan experiences; secret Bhutan,Medium,Low,Experienced HNW Travelers,Exclusive Destination Hub; Unique Experiences Spoke; Visit Vineyards Spoke,https://travelcurator.com/destinations/bhutan-the-epitome-of-transformational-travel/; https://www.mybhutan.com/; https://www.blacktomato.com/destinations/bhutan/,Position vineyard visits as one of the 'insider' experiences beyond the typical tourist itinerary. Eastern Bhutan vineyards are genuinely off the beaten path.